ids,0,1,2,3,4,5,6,7,8,9,10,11,12,13,14,15,16,17,18,19,20,21,22,23,24,25,26,27,28,29,30,31,32,33,34,35,36,37,38,39,40,41,42,43,44,45,46,47,48,49,50,51,52,53,54,55,56,57,58,59,60,61,62,63,64,65,66,67,68,69,70,71,72,73,74,75,76,77,78,79,80,81,82,83,84,85,86,87,88,89,90,91,92,93,94,95,96,97,98,99
cbtc_train_1,0.075745285,0.036287244,0.00901175,0.08127845,0.085924685,0.17430174,0.0051706964,0.17855,0.045496475,0.2632432,0.55090487,0.64156693,0.25618547,0.0033820742,0.13817626,0.16506487,0.48378742,0.32510456,0.023370532,0.077984214,0.06942723,0.0017896689,0.029247178,0.05159428,0.009695473,0.22760281,0.13271727,0.18747415,0.12564838,0.06489159,0.37060067,0.62020487,0.17607537,0.002467144,0.055865686,0.0059296493,0.0048561026,0.043169763,0.3514015,0.2289105,0.521439,0.018301383,0.1186066,0.21768187,0.16995153,0.37692493,0.0020471287,0.0077078696,0.2529011,0.025973557,0.087356195,0.06239041,0.10539977,0.15690628,0.2687086,0.19290972,0.08287248,0.1202578,0.29764077,0.055957124,0.5935571,0.23031475,0.0051555755,0.0010744776,0.35663083,0.4870094,0.45733833,0.52599573,0.0024099967,0.0016045903,0.30208814,0.07216788,0.4638362,0.0038037675,0.29917783,0.015778763,0.0025210432,0.22591725,0.44195715,0.04211473,0.057998084,0.5394575,0.037456594,0.048548486,0.0813191,0.07451546,0.23043768,0.30400538,0.15809415,0.0038673922,0.00474031,0.083155215,0.04337685,0.4038944,0.030265335,0.00833375,0.16213186,0.116825655,0.09960313,0.07892694
cbtc_train_10,0.15044177,0.000997081,1.3038292,0.07694599,0.0,0.23224433,0.59086025,0.1380838,0.40719292,0.33518705,0.0,0.16973573,0.12265698,0.0004846266,0.19453754,0.4430196,0.0,0.0,0.32100093,0.09529253,0.022099128,0.23385184,0.059203178,0.3791712,1.5118543,0.12573111,0.56960016,0.259768,0.3853475,0.036787715,0.33130044,0.52371126,0.12698238,0.3430412,0.00058685517,0.7344435,0.7377948,0.15959531,0.5199147,0.0011650131,0.43996912,0.019762669,0.068701774,0.13001278,0.21824992,0.0,0.00021949844,1.1807406,0.2691893,0.029655136,0.26499057,0.017688498,0.27433017,0.0614741,0.29286626,0.2710569,0.19005701,0.21199794,0.24816911,0.09967496,0.13927582,0.0,0.73948365,0.0001489677,0.16255106,0.0,0.7428889,0.0,0.31900045,0.010222195,0.0,0.06603518,0.44469288,0.71405244,0.0,0.06704552,0.3090543,0.26228163,0.5281521,0.036683217,0.67399967,0.0,0.07485018,0.12254904,0.07262446,0.109485134,0.35043508,0.0,0.10351305,0.69600904,0.6650523,0.058841098,0.6801433,0.0,0.086942405,1.253524,0.0,0.13675497,0.10339092,0.09653981
cbtc_train_11,0.057068534,0.00384043,0.30718324,0.036613833,0.020383712,0.15569349,0.15550008,0.03493941,0.11005383,0.15939978,0.09444289,0.2773106,0.18272065,0.0064010266,0.09474752,0.23658533,0.12503791,0.09783626,0.10501707,0.022619475,0.019962143,0.0777696,0.010492015,0.11563222,0.30589166,0.12760314,0.20923816,0.07675003,0.12062904,0.016689267,0.25174502,0.33736,0.1027845,0.07896049,0.019924013,0.19836424,0.16140565,0.043952275,0.20712598,0.11865995,0.23441522,0.011864309,0.027892543,0.09215924,0.09706542,0.0764949,0.0032218043,0.25333002,0.13512598,0.021593437,0.08417774,0.036499504,0.065486655,0.029573875,0.15854555,0.109620176,0.028612234,0.07323821,0.12273238,0.032147046,0.22494748,0.06277562,0.16967162,0.0001332142,0.13087353,0.09846321,0.16693287,0.12270546,0.08415518,0.0033102895,0.06159792,0.019828146,0.23510253,0.123676546,0.081693254,0.031732753,0.08329225,0.07993649,0.3376663,0.020738905,0.22352205,0.09898158,0.03919833,0.04014582,0.046813183,0.03958147,0.1011476,0.048627555,0.058119558,0.12715402,0.17334223,0.046875004,0.19271725,0.10701234,0.040723074,0.2727536,0.034771714,0.059877276,0.062052798,0.04936415
cbtc_train_12,0.072468095,0.0005875769,0.5532745,0.039774273,0.0005326525,0.13848557,0.2560491,0.052090827,0.14682268,0.19763209,0.001963091,0.22619604,0.09824783,0.0011058124,0.110219486,0.2421026,0.0061998526,0.0039997236,0.14643165,0.034210436,0.030389545,0.095354855,0.01582211,0.16061276,0.57004553,0.12630071,0.26754615,0.10977623,0.15522894,0.026470605,0.2668691,0.37710112,0.107238956,0.1443599,0.0026181175,0.31315792,0.31001794,0.06528122,0.24355495,0.01325141,0.25881854,0.01044173,0.041831855,0.09018111,0.11363283,0.0027548966,0.005956496,0.48751256,0.16215359,0.023535566,0.11069161,0.025617555,0.09872555,0.0443248,0.17098546,0.11336221,0.043698236,0.08845797,0.13415456,0.040712073,0.19983639,0.0012205207,0.29201293,0.00026130362,0.14204413,0.0044053956,0.28994238,0.0030712597,0.13682409,0.00518303,0.0027022618,0.029832833,0.27053356,0.26743332,0.0023683456,0.04071498,0.13899045,0.10548999,0.36361912,0.028218672,0.30391252,0.0025578754,0.037508477,0.05620467,0.048425663,0.05877565,0.13959378,0.0017439421,0.059852567,0.27170238,0.29038075,0.04725656,0.27930012,0.0051354244,0.042193342,0.50744647,0.0019661365,0.07204056,0.06397565,0.05958627
cbtc_train_13,0.06580828,0.0035199688,0.31865653,0.036666308,0.019109206,0.16331147,0.1539559,0.14808182,0.101320274,0.18562306,0.0748562,0.32540277,0.1740347,0.0046613202,0.11126496,0.251461,0.12971355,0.101955876,0.11423716,0.09243154,0.112965465,0.074393705,0.048231993,0.13817267,0.29960492,0.15492284,0.20641208,0.10839293,0.13822895,0.10069246,0.2966011,0.39340925,0.123058796,0.07903883,0.022670971,0.21435776,0.17066848,0.047028884,0.23474602,0.11067939,0.26256132,0.013095922,0.14527996,0.11198962,0.11302364,0.0778085,0.020987388,0.2595326,0.15278552,0.026663626,0.0872895,0.041537534,0.10388299,0.15207577,0.17999029,0.14787945,0.12030869,0.07453153,0.15927902,0.039681714,0.26547092,0.049842384,0.17407739,0.00014774308,0.15510686,0.10791211,0.2724141,0.110381424,0.08282878,0.015834471,0.06639698,0.09278788,0.26967102,0.123933434,0.068062395,0.032764807,0.088632874,0.13087448,0.38457176,0.027415765,0.24182199,0.09076277,0.040800445,0.04304039,0.052544028,0.050500724,0.13921708,0.051716898,0.08187354,0.12386147,0.1755061,0.054166898,0.19856669,0.10759386,0.045119677,0.28600106,0.041715007,0.06992889,0.06957908,0.05983606
cbtc_train_14,0.030135496,0.0051792944,0.26528367,0.029799184,0.017614659,0.120807484,0.120291315,0.23547176,0.094370455,0.07696536,0.08804865,0.1344811,0.12244079,0.002255453,0.045783967,0.19049852,0.10297465,0.07688293,0.085398674,0.15237364,0.14162403,0.058606274,0.06580879,0.12346975,0.2617611,0.054091513,0.14947289,0.09408961,0.12489449,0.12498017,0.10678281,0.1589145,0.04515924,0.07707686,0.017225286,0.17103168,0.14373463,0.038253568,0.11404656,0.08005373,0.13362029,0.006445624,0.19775161,0.045239657,0.047863163,0.07370846,0.025980882,0.22071366,0.06948223,0.008052225,0.06766215,0.015432911,0.092849515,0.21790114,0.078328386,0.1280586,0.17302191,0.059740633,0.11793031,0.032819618,0.114801645,0.04824578,0.138925,0.00022093726,0.076459184,0.09487411,0.28755733,0.10474148,0.067233495,0.019791087,0.056887325,0.13667838,0.12168444,0.12320493,0.060924064,0.023685211,0.078407966,0.12336809,0.15425454,0.010364276,0.1852523,0.091541626,0.030330818,0.030229272,0.021078698,0.023285374,0.13480963,0.05162496,0.061262585,0.11602029,0.13368972,0.022234133,0.16569401,0.08837773,0.030484095,0.23761982,0.034458607,0.03568257,0.029220507,0.02450268
cbtc_train_15,0.06775366,0.0008775649,0.7625406,0.039789885,0.0067624156,0.18548281,0.33092922,0.4775723,0.23356506,0.1427718,0.016678514,0.09074903,0.107326135,0.00066392805,0.08466569,0.35400787,0.048519786,0.039555762,0.21189716,0.32688183,0.27153525,0.13306975,0.1586366,0.30081126,0.826058,0.050981373,0.3306228,0.2132726,0.28151265,0.26336348,0.13946061,0.23086195,0.05258241,0.21837452,0.012541196,0.47921076,0.4377922,0.0972899,0.2311944,0.053034294,0.21572039,0.009534244,0.4024411,0.05251825,0.087961294,0.027625432,0.04795784,0.66234386,0.116858326,0.010221287,0.16600038,0.011233218,0.23213352,0.41665095,0.12451013,0.25505352,0.40483564,0.11726621,0.2166559,0.07469286,0.08208566,0.014762504,0.41772246,0.0003081718,0.09261975,0.042177092,0.7042444,0.02672226,0.18411027,0.042835653,0.024897585,0.2865493,0.19915813,0.40683395,0.017697608,0.044479925,0.21062085,0.2786964,0.22382775,0.015085913,0.44105458,0.02179853,0.0528026,0.07162609,0.031376004,0.053200666,0.29367936,0.01747879,0.10642183,0.37635282,0.37050405,0.02708606,0.4336852,0.04100599,0.05727918,0.71861446,0.01996909,0.07044821,0.04545914,0.038549386
cbtc_train_16,0.03217363,0.008558283,0.16349122,0.03636916,0.036885753,0.13949166,0.08423191,0.19740985,0.08899287,0.084126405,0.17193082,0.1583877,0.1661573,0.0036969786,0.051820785,0.20853676,0.19841687,0.15768377,0.07344818,0.1314239,0.12413509,0.03630393,0.052127898,0.106059335,0.16756603,0.063706055,0.15588774,0.08709511,0.117945515,0.11214107,0.12675317,0.19003408,0.052953765,0.046026338,0.03147157,0.11618786,0.09115943,0.036399446,0.11792779,0.1443259,0.1496798,0.005425303,0.16660173,0.053488847,0.054148268,0.14608103,0.019659853,0.14324957,0.076653086,0.009343469,0.07745008,0.01883143,0.07817289,0.18820506,0.0838804,0.11309316,0.14477794,0.068074256,0.12503046,0.030042753,0.13791746,0.0897552,0.09863711,0.00012994972,0.0887874,0.18426482,0.25856254,0.2031891,0.045838293,0.014428579,0.11043912,0.112394236,0.13602154,0.075503744,0.11228632,0.021018788,0.05084099,0.11845951,0.17114829,0.011205915,0.1631635,0.17845936,0.033433966,0.02942411,0.024281574,0.023729043,0.12639275,0.10014073,0.061797988,0.07410349,0.08919348,0.025047397,0.14067501,0.16107409,0.034680218,0.15053023,0.069679596,0.034988847,0.03253591,0.026023312
cbtc_train_17,0.021382121,0.017910443,0.031513084,0.042120647,0.054280136,0.12709245,0.015251814,0.39456478,0.04492557,0.06952238,0.28516302,0.18140349,0.16392836,0.0017160383,0.038225148,0.1491355,0.29229808,0.21663417,0.030322503,0.25620338,0.24808009,0.009446008,0.100793615,0.08436679,0.027895546,0.059588905,0.08749296,0.13689044,0.11497682,0.22061248,0.09826289,0.17140047,0.046667743,0.008560541,0.04655178,0.03414876,0.017702587,0.030812252,0.10145602,0.16367178,0.16769624,0.0054468047,0.33633852,0.05961945,0.04775291,0.22721717,0.038425807,0.025493309,0.071647465,0.007338766,0.056999203,0.016288565,0.11079485,0.38323995,0.07388576,0.1518752,0.2750684,0.06657087,0.18634063,0.03969536,0.18440577,0.116982825,0.020302081,0.00048410162,0.114203386,0.2977434,0.4186486,0.28424874,0.008860419,0.026726408,0.18350798,0.22109911,0.13269086,0.011906969,0.15305354,0.010448636,0.0143368915,0.19192657,0.120980546,0.010981051,0.07470972,0.29498628,0.025102805,0.027794778,0.02081909,0.022570359,0.1816001,0.18210946,0.104967244,0.011814551,0.016398884,0.026157858,0.05437515,0.23055702,0.027374728,0.027282683,0.11628868,0.03859653,0.028412968,0.020361526
cbtc_train_18,0.023308164,0.0023558887,0.2985384,0.022282146,0.0119480165,0.13414775,0.12948355,0.5772611,0.10399228,0.051637825,0.03442774,0.059094153,0.09905001,0.0010644494,0.031818934,0.25239506,0.09018473,0.072026365,0.103224464,0.38316783,0.38535607,0.06902646,0.17688037,0.19743443,0.2927155,0.028329449,0.15311295,0.16313544,0.17674148,0.34818327,0.06079808,0.09335478,0.025968753,0.08611855,0.023303334,0.22984743,0.16579823,0.042629797,0.07927458,0.083413474,0.07918887,0.0037858938,0.51029754,0.02361384,0.030868022,0.059767544,0.079241216,0.24981147,0.041821163,0.005269827,0.073028386,0.007894641,0.18637878,0.5538103,0.049063217,0.23130283,0.440027,0.05792883,0.18149236,0.05378099,0.05063699,0.022280967,0.16702683,0.0002964554,0.039884306,0.08626803,0.5505288,0.06286847,0.073750675,0.05624463,0.051673748,0.34562224,0.07477909,0.14696932,0.032800004,0.023084426,0.09900832,0.2423705,0.09616832,0.006579833,0.23807177,0.050097253,0.03192795,0.034814347,0.012559494,0.01701897,0.22741045,0.040684674,0.10014768,0.13169846,0.14884165,0.013423837,0.20062326,0.06476425,0.03873147,0.27645794,0.03855472,0.026855962,0.019121254,0.014672042
cbtc_train_19,0.1004044,0.0009365089,1.1557014,0.06768631,3.716996e-05,0.24695237,0.5125103,0.23047356,0.34955925,0.19213271,0.0,0.08724073,0.12217222,0.00016708701,0.100048155,0.41817507,0.0,2.6724302e-07,0.29090598,0.17053026,0.069334134,0.19243202,0.08026925,0.352223,1.2763958,0.046268344,0.48556015,0.21506222,0.35403064,0.0849709,0.16908272,0.24036859,0.05928741,0.31447172,0.0003871726,0.66096324,0.64140934,0.1357883,0.35543525,0.01577877,0.30602485,0.012414056,0.15914026,0.062042106,0.12761128,0.0,0.0050482624,1.0088009,0.15716577,0.013227585,0.2374168,0.00938839,0.23287906,0.15297076,0.18840858,0.24069855,0.24854167,0.18025793,0.19788125,0.07667728,0.07294883,0.00085284596,0.6221922,0.00011362907,0.10454264,0.0,0.66707706,0.0,0.28021327,0.019673526,0.00020611253,0.12341615,0.27416533,0.6165124,9.624362e-05,0.05821883,0.27478465,0.2343828,0.28901264,0.022067696,0.6037248,0.0,0.07481581,0.10398254,0.042984314,0.068887636,0.30146375,0.0,0.082403295,0.5904587,0.5823021,0.0352728,0.5962179,0.00081098627,0.07681872,1.0921171,0.0,0.09328529,0.065436035,0.052157905
cbtc_train_2,0.08955902,0.00030501332,1.0737036,0.048856135,0.00022652435,0.20297559,0.47679773,0.42883483,0.32032683,0.16099115,0.0,0.07350919,0.07352497,2.749283e-05,0.10042366,0.39181685,0.0018983284,0.0016850996,0.2711123,0.31607473,0.19967166,0.15824753,0.15297413,0.3661707,1.2073677,0.036136035,0.4416587,0.24989983,0.35728064,0.22061723,0.12733881,0.22635451,0.052709796,0.32266298,0.0013963376,0.6528911,0.63093925,0.12638071,0.32611358,0.0045707882,0.24742785,0.011073163,0.35368437,0.057088654,0.10753905,9.888103e-05,0.027311966,0.96247053,0.12536764,0.009022261,0.21257454,0.0077791098,0.2719374,0.35232496,0.15001373,0.28641778,0.40453336,0.16238426,0.21448654,0.08653435,0.06468267,8.747923e-05,0.5899224,0.00015401743,0.08439352,0.0006121315,0.79259557,0.0,0.26646695,0.035535652,0.0005355062,0.25620225,0.22298436,0.6061854,0.00020554352,0.057355255,0.2776831,0.28945976,0.24874064,0.015055224,0.5767253,0.0,0.06917457,0.09281239,0.03705638,0.0628229,0.32864505,0.00015089582,0.098799266,0.5653752,0.52728295,0.02694504,0.58946955,0.0030977395,0.061355498,1.0383415,0.00094392075,0.08262862,0.051442545,0.049829677
cbtc_train_20,0.059573464,0.0010410208,0.41549972,0.036316056,0.00836723,0.16663644,0.20364487,0.060656216,0.12782767,0.16742273,0.022670668,0.2684733,0.18869907,0.0051366077,0.09869282,0.26002234,0.06254162,0.044888794,0.13421623,0.042582355,0.046447333,0.09596671,0.020671332,0.13998686,0.38197756,0.13150035,0.23388419,0.08061891,0.13328853,0.042990893,0.25783587,0.3462001,0.1073416,0.10917228,0.012980586,0.26240882,0.2259914,0.04955754,0.20086929,0.083389334,0.23898655,0.009230506,0.060007855,0.0936168,0.09905496,0.030567361,0.008814506,0.34546697,0.1344722,0.022990631,0.09364089,0.032865837,0.077758044,0.06326844,0.15724225,0.1130913,0.051177938,0.07465021,0.12720622,0.032625627,0.21882747,0.021984734,0.21685952,0.00029358207,0.1303536,0.046773355,0.1902338,0.04138939,0.113541804,0.0070135794,0.027493026,0.04017458,0.23819871,0.16085109,0.034708366,0.038581394,0.11135767,0.089393094,0.3503581,0.026539057,0.27177632,0.0312592,0.042997092,0.046104636,0.0466638,0.045926046,0.103472754,0.018620621,0.058481574,0.16983137,0.23362263,0.04741134,0.23020998,0.05021517,0.04537967,0.36169928,0.014694455,0.06313875,0.06454621,0.049253955
cbtc_train_21,0.08201911,0.000713212,0.88566124,0.045657072,3.760773e-05,0.15502949,0.38471407,0.2739442,0.24837013,0.14925602,0.0,0.0850516,0.058991484,0.00026135982,0.083574206,0.3052352,0.0,0.0,0.21456471,0.20545536,0.10570548,0.14622907,0.09458282,0.2886341,0.99894446,0.050077546,0.36324635,0.19834796,0.28062207,0.13333952,0.14883254,0.22621691,0.057957567,0.24769326,0.00068320613,0.51396,0.50859267,0.10644888,0.26011813,0.004005565,0.24089907,0.0097378725,0.20203201,0.053731006,0.10195059,0.0,0.009541688,0.78139406,0.12876113,0.011606484,0.16734713,0.009982842,0.20475371,0.20266615,0.14476061,0.2146159,0.26385602,0.1318715,0.18805781,0.06977319,0.081338845,0.0,0.48696145,0.00011522863,0.09839799,0.0,0.6209728,0.0,0.21702279,0.018134369,0.0,0.15874217,0.22303246,0.49822927,0.0,0.04688337,0.2294467,0.21547243,0.2374747,0.015556342,0.45575306,0.0,0.04899544,0.08136714,0.037008308,0.057837054,0.26361212,0.0,0.08302867,0.46568328,0.44809464,0.03544359,0.4634142,6.569304e-05,0.0526651,0.84115976,0.0,0.07938726,0.049459904,0.040106848
cbtc_train_22,0.07487675,0.00034476427,0.71483165,0.04215619,0.0019121098,0.1558625,0.31437147,0.26963788,0.20492099,0.16442779,0.00054250885,0.13354623,0.07724494,0.0002480914,0.0881239,0.29382208,0.011808912,0.008137998,0.18620242,0.18747224,0.13492367,0.1213729,0.08674233,0.24734282,0.78288347,0.0710645,0.31414145,0.17789987,0.23395433,0.13329743,0.18439378,0.27211872,0.06954245,0.1955216,0.0039698295,0.42874253,0.40630913,0.08908433,0.25448287,0.01573303,0.24473178,0.009909518,0.21423043,0.06283696,0.10365792,0.0041508223,0.023233386,0.631375,0.14018801,0.013464522,0.14210525,0.0144679835,0.17808631,0.21943508,0.14988552,0.19700548,0.2394384,0.10602477,0.17896499,0.062147617,0.12288169,0.0016677172,0.39152345,0.00016404163,0.12632422,0.007514741,0.54880327,0.00284915,0.17302434,0.022336654,0.005297447,0.1599758,0.23647238,0.38307446,0.0028685923,0.04071015,0.18603137,0.2068472,0.2824696,0.017462382,0.3929219,0.0028640763,0.045215692,0.06816175,0.037392166,0.055195443,0.2365111,0.00261394,0.08476446,0.36143097,0.3571746,0.035902396,0.38481152,0.00971459,0.049893796,0.67656404,0.004019792,0.07505664,0.055600382,0.047084227
cbtc_train_23,0.10390269,0.00079822977,0.88861084,0.05221588,0.00077953597,0.17024317,0.39682233,0.17049403,0.26356244,0.21224934,0.0023187932,0.15206295,0.097512804,0.000862687,0.13358143,0.31831026,0.00536334,0.0045669237,0.21984284,0.11573293,0.04696572,0.14875643,0.058361042,0.27230063,1.0137564,0.09119049,0.38939735,0.19839224,0.26606375,0.063438945,0.2392737,0.3657187,0.08856906,0.25070116,0.0015124207,0.5116644,0.5034149,0.10819058,0.33473977,0.010368008,0.3054187,0.012348944,0.10555189,0.08400524,0.14076546,0.002387454,0.004378653,0.80908495,0.18077657,0.017004702,0.18415251,0.018018186,0.19959499,0.09725844,0.20393342,0.21396296,0.17796098,0.1428576,0.19733506,0.07168109,0.13505322,0.002705907,0.49917132,6.7116875e-05,0.14176953,0.0039803726,0.5770348,0.0041324315,0.21684144,0.011100117,0.0022981795,0.094445586,0.301753,0.49402726,0.0032638893,0.048854582,0.2206567,0.20646745,0.36356995,0.02126308,0.47138327,0.0028955285,0.05286444,0.08465991,0.051501773,0.07484384,0.25699434,0.0011537484,0.08863927,0.469084,0.4481293,0.04380908,0.46737343,0.0049234135,0.057558056,0.85194004,0.0010062612,0.09474294,0.06845156,0.062898405
cbtc_train_24,0.05664911,0.0006227853,0.82250214,0.05436424,0.004722559,0.27891558,0.3758868,0.40341625,0.24929926,0.13036765,0.0013312794,0.113096036,0.21148138,0.0008265973,0.07183331,0.48328403,0.042548284,0.0357405,0.24072881,0.26467407,0.28880084,0.18352099,0.13861977,0.32922944,0.7820699,0.06592379,0.37177104,0.14984,0.3065753,0.26082653,0.15413776,0.20284338,0.066633575,0.22033022,0.015893007,0.5338491,0.451974,0.09893573,0.18374272,0.077075414,0.16353934,0.0082819825,0.38762692,0.050233506,0.08107423,0.01367402,0.058455475,0.6600828,0.10546925,0.01307082,0.1689644,0.011563518,0.18847057,0.40143588,0.12028994,0.20190722,0.3444711,0.13347463,0.16292214,0.05128724,0.07845104,0.008377632,0.43520352,0.0003855743,0.063403666,0.027765576,0.49846423,0.009266336,0.21170336,0.04804982,0.021135528,0.26176673,0.1731313,0.36775738,0.009676011,0.058797035,0.23793788,0.20881851,0.23293284,0.01890212,0.5214945,0.0058630602,0.07193217,0.07470817,0.032008145,0.035807166,0.20842497,0.010890792,0.069519036,0.34270364,0.42676505,0.027160032,0.48302773,0.041092865,0.07553644,0.7413711,0.015915856,0.049310718,0.040664613,0.038032167
cbtc_train_25,0.087009184,0.0007310805,0.782084,0.045352384,0.0038033468,0.16211578,0.34059766,0.2575803,0.2258871,0.18838128,0.0058766915,0.14472939,0.08918881,0.0006383424,0.114077,0.30409825,0.02779373,0.024420917,0.19418088,0.185459,0.13408342,0.13508548,0.088957794,0.261962,0.8602201,0.08818814,0.34192818,0.19564956,0.2583552,0.13559477,0.20394693,0.32489115,0.0836711,0.20939688,0.007003512,0.4561,0.4375096,0.09425934,0.29394618,0.029947327,0.27048495,0.011754814,0.20292313,0.073818326,0.122018725,0.018505381,0.02429026,0.67991835,0.15457164,0.017291473,0.15828955,0.017737042,0.20093736,0.2118506,0.17336439,0.21542057,0.23783015,0.122436546,0.2010713,0.06916964,0.1278528,0.0073370826,0.42755207,0.00035432584,0.120448515,0.02329682,0.5788981,0.018253434,0.18468215,0.022934517,0.013863178,0.15263648,0.27207583,0.4158757,0.010026595,0.041160718,0.20230034,0.21714385,0.32750112,0.022061259,0.42126933,0.012790411,0.04836981,0.074624404,0.0460841,0.060642943,0.2569277,0.00999379,0.09329964,0.39350918,0.3925922,0.039979856,0.40549234,0.021874009,0.054577205,0.73221904,0.011617956,0.083226845,0.060692385,0.057072848
cbtc_train_26,0.09070674,0.003000456,1.1077781,0.08186868,0.0022716569,0.31909928,0.52740854,0.01458132,0.34389699,0.21466422,0.012314292,0.14643629,0.26776874,0.0016004514,0.10114118,0.50904965,0.015011374,0.012983851,0.28421238,0.008349157,0.0049732975,0.24133639,0.012973287,0.31611705,1.1403942,0.09504612,0.52319217,0.11790668,0.33089998,0.0028995776,0.23254342,0.29042011,0.09426752,0.29190683,0.003992339,0.6174677,0.59485036,0.12868898,0.29786932,0.057833318,0.254613,0.012997199,0.0064079445,0.07466812,0.13816474,0.01008079,0.0,0.9151891,0.17661038,0.022386305,0.21336581,0.021649497,0.14104113,0.0033931024,0.19156533,0.14173633,0.045092285,0.18521237,0.11370767,0.05438998,0.111868195,0.010402207,0.588402,0.00044530086,0.08090499,0.011504235,0.30958372,0.016017819,0.2851753,0.0045721447,0.008648025,0.005930516,0.26518223,0.52071476,0.0112034045,0.076640196,0.2595474,0.09965268,0.35239157,0.03202581,0.59752935,0.013209113,0.07717515,0.09994214,0.05375612,0.05836583,0.16132551,0.0073312433,0.04106368,0.53349143,0.587027,0.04608897,0.57281196,0.015601122,0.086288325,0.9953415,0.004425596,0.07428509,0.063122466,0.055539295
cbtc_train_27,0.11173529,0.00090537994,0.9944412,0.064489014,0.0022143403,0.22691363,0.4552717,0.10757291,0.3002122,0.25300878,0.003640041,0.18118127,0.14494467,0.0010756444,0.14625818,0.39993986,0.018651268,0.016625598,0.25334525,0.07261851,0.05140454,0.19090539,0.04523525,0.3039311,1.0912102,0.11591529,0.4616764,0.18610242,0.30261838,0.054854866,0.28977716,0.42184338,0.118514545,0.26446196,0.0050226236,0.5737685,0.55658615,0.120033875,0.3623779,0.029751122,0.3160307,0.017684907,0.08215527,0.10321547,0.16467963,0.009099868,0.008514813,0.8735286,0.20505406,0.023268728,0.21047083,0.02074621,0.19442968,0.08063692,0.22666168,0.20072153,0.13057098,0.16433685,0.18134037,0.07081845,0.13070929,0.006790125,0.5548313,0.00020275239,0.12527661,0.013841634,0.5160951,0.010301372,0.24729441,0.011631019,0.008790211,0.061695013,0.33604172,0.51931643,0.008931121,0.061551392,0.24885818,0.18301249,0.41463834,0.028714696,0.5387282,0.0072004064,0.06340138,0.09715239,0.06274761,0.0778608,0.23434334,0.0062636966,0.079805516,0.5012079,0.5204959,0.049037326,0.52625424,0.017665884,0.07273745,0.9333536,0.005669472,0.096284695,0.07460102,0.076118976
cbtc_train_28,0.07507091,0.027012127,0.03957131,0.062143628,0.062780105,0.14167935,0.02379941,0.07562447,0.053004026,0.23103593,0.37616676,0.53986895,0.22127002,0.005190199,0.14314102,0.16336417,0.36431408,0.24596137,0.031851318,0.030754294,0.036834236,0.012514234,0.0151057085,0.048626103,0.040118963,0.20501734,0.1285134,0.13982855,0.09856929,0.03297679,0.34871608,0.5288315,0.16658978,0.011052243,0.046831474,0.032137357,0.02214237,0.03226178,0.31611386,0.18674912,0.38537914,0.019265737,0.06114762,0.18568671,0.15176734,0.268008,0.002892075,0.033653885,0.2160931,0.025655223,0.08177378,0.06255678,0.09296314,0.06840099,0.24904037,0.16972667,0.03846987,0.09605077,0.20964348,0.044396564,0.43965358,0.17727567,0.024644833,0.00077991094,0.25231138,0.34208182,0.2651844,0.38051108,0.0123599805,0.002057044,0.22000983,0.030334713,0.37208748,0.015040681,0.2275603,0.01803006,0.014161688,0.14854908,0.42813927,0.034077473,0.079471484,0.37987894,0.032279033,0.039931625,0.069979,0.06030361,0.1492848,0.222199,0.11679922,0.015256471,0.024429139,0.06918142,0.061288394,0.2965773,0.026558893,0.037142582,0.11565647,0.0913155,0.08486531,0.07984803
cbtc_train_29,0.099168316,0.01679668,0.17388517,0.062770724,0.05932298,0.2008085,0.09960681,0.008478719,0.112878464,0.27275583,0.3160268,0.5293094,0.29141372,0.013996757,0.18862563,0.2835509,0.3667392,0.2660134,0.09249122,0.0052731386,0.0022728015,0.036091983,0.0030269024,0.09914416,0.18017212,0.23690507,0.24782383,0.10822531,0.13525324,0.0032584902,0.4330423,0.6180644,0.19634502,0.046367835,0.05305184,0.116146564,0.09661627,0.04465037,0.36114767,0.24112791,0.39201978,0.01979463,0.004475263,0.19779174,0.17501894,0.24817155,0.00030768584,0.15419455,0.24177694,0.034314245,0.11496717,0.070074074,0.087774664,0.004675678,0.27251196,0.17404427,0.008202416,0.109394185,0.18914238,0.04525647,0.40974435,0.17008156,0.10321388,0.00013375214,0.227152,0.30982968,0.184394,0.3922332,0.04580345,0.00070981256,0.1891573,0.004423201,0.41620582,0.079905905,0.2236498,0.036359675,0.052568175,0.12207578,0.54948133,0.03692729,0.21003424,0.32891536,0.056196384,0.0472506,0.08120309,0.06502945,0.13652967,0.16602746,0.09390529,0.08069154,0.09610966,0.07689742,0.17147468,0.28621736,0.049785446,0.16170168,0.1040746,0.09668445,0.10070063,0.09181808
cbtc_train_3,0.07811103,0.00074095675,0.5889038,0.04199715,0.0004363017,0.15874866,0.27630824,0.008323872,0.15498878,0.1994097,0.0014602776,0.22759762,0.13467616,0.0026464162,0.11640388,0.25903657,0.0035040209,0.0022168646,0.16249095,0.0065945396,0.0018327795,0.11204477,0.0035025156,0.16323498,0.5952388,0.13528357,0.28946364,0.09198521,0.15860836,0.0033424112,0.27925077,0.38705304,0.120615125,0.1484699,0.0018681224,0.3309609,0.3259029,0.06996961,0.24495424,0.01915562,0.2500322,0.011707883,0.0038666085,0.0925822,0.12404057,0.0012606815,0.00022221424,0.5068001,0.16119091,0.02515152,0.119469,0.028966337,0.08964943,0.005006241,0.1796804,0.10375846,0.012077864,0.09638978,0.12444953,0.038121287,0.19711138,0.0014862935,0.3079812,0.00018450656,0.1169403,0.0027733694,0.2107818,0.0018533509,0.1484465,0.0007719904,0.0013918666,0.0046001347,0.27621436,0.26890147,0.0030225206,0.0466094,0.14481677,0.08030318,0.3783361,0.029267957,0.3220763,0.001849892,0.04147366,0.05784512,0.05174499,0.059613686,0.11339572,0.0008636887,0.051125553,0.2808245,0.32000458,0.048251003,0.2964369,0.0043784804,0.04613442,0.5217177,0.0005316827,0.07249352,0.0690734,0.06314028
cbtc_train_30,0.094704606,0.0012806517,1.1818612,0.06832505,0.00028707596,0.26127255,0.5263166,0.43172094,0.3415646,0.20823984,0.0,0.119695894,0.14024486,0.00079860527,0.11985038,0.4747781,0.0012611706,0.0020546897,0.30089822,0.29952565,0.25079554,0.20094247,0.14907362,0.3983514,1.2651693,0.08693835,0.4909567,0.23595582,0.38196573,0.2317486,0.23154595,0.3339275,0.090968125,0.3261028,0.0013045878,0.6784404,0.67347175,0.1398802,0.31475624,0.007490757,0.26624188,0.011708416,0.36480588,0.07682874,0.1380545,0.00024917323,0.049488652,1.0150346,0.17087618,0.019553265,0.21965034,0.01451069,0.26181978,0.38457707,0.18370742,0.25866437,0.38383925,0.18141548,0.21539691,0.0850924,0.097342454,0.0,0.6212794,0.00048643025,0.09669364,0.00060062594,0.75864667,0.0,0.2859767,0.04316869,0.0008115731,0.2665804,0.27886835,0.6179294,0.000657364,0.07122546,0.30473116,0.28366318,0.3297244,0.026628466,0.6356386,0.0,0.074807435,0.0998011,0.04683539,0.06866924,0.32221892,0.00048028675,0.09659903,0.5947045,0.5849139,0.040616907,0.6310684,0.0020628169,0.07404072,1.1110985,0.0008600353,0.08942671,0.06305302,0.05884949
cbtc_train_31,0.1602441,0.00045054487,1.2630774,0.07602375,0.0001042095,0.2031902,0.5580679,0.14960554,0.370708,0.3328255,0.0002700887,0.19445786,0.07141967,0.00022373644,0.21529615,0.3954153,0.00038541172,0.000334865,0.3042058,0.11976883,0.028228443,0.21496306,0.07078808,0.37185648,1.4726723,0.13388108,0.5385188,0.28104985,0.37275156,0.05999143,0.35727647,0.54971135,0.14577828,0.3399383,0.0003675466,0.7185108,0.72499615,0.15081277,0.5307404,0.0004547013,0.43321922,0.02255671,0.090159,0.13517623,0.22596934,0.00023668709,0.000311824,1.1512535,0.26994836,0.027591316,0.2538983,0.024719408,0.29236042,0.076374546,0.3127811,0.30252925,0.20340934,0.20124118,0.27331617,0.10576596,0.16223307,0.00022211805,0.72361344,0.00019034003,0.1810589,0.00035707184,0.7911172,0.00042541238,0.30031732,0.010323899,0.00016497294,0.0752239,0.46605182,0.7156507,0.00024954954,0.059955325,0.30345416,0.27969706,0.5553648,0.03910682,0.6425365,0.00025919027,0.06928918,0.12446303,0.07823798,0.11067326,0.36755127,9.935211e-05,0.12362837,0.68427885,0.6397718,0.063069366,0.6459384,0.00029621387,0.07716862,1.220479,8.32199e-05,0.13915578,0.09909227,0.10324897
cbtc_train_32,0.10830941,0.0013108127,1.2012441,0.08274547,0.011038961,0.36379394,0.5601374,0.41537297,0.3919246,0.24042572,0.0007209911,0.15399224,0.27731404,0.0006736024,0.13401783,0.6484978,0.08552304,0.07587631,0.34231266,0.2706529,0.2874804,0.257081,0.15417218,0.45571136,1.2668499,0.10046302,0.57665485,0.23970689,0.4391277,0.26653823,0.252979,0.36066675,0.10497686,0.30921954,0.023501458,0.7691748,0.6680184,0.1517943,0.3690157,0.110170156,0.30547878,0.013673681,0.39367798,0.08256774,0.15332551,0.02330359,0.057591878,1.0054389,0.19236055,0.021210797,0.26797336,0.016863788,0.2766952,0.39565092,0.21822566,0.29366064,0.3986162,0.2069643,0.23648944,0.08356032,0.09735322,0.022645291,0.68145627,0.0002411919,0.10775885,0.057533372,0.73483866,0.01726836,0.30258086,0.05531935,0.03994143,0.25925472,0.3168353,0.58021176,0.024025979,0.07495418,0.32888013,0.29500628,0.39089254,0.030053914,0.749644,0.013350006,0.09734663,0.1224618,0.060973614,0.073657386,0.31828415,0.023695042,0.09639609,0.55030704,0.6294583,0.04461496,0.69914806,0.084559396,0.10711354,1.115077,0.029779699,0.09338985,0.07266166,0.073093764
cbtc_train_4,0.15322126,0.0017798728,1.3592122,0.09413658,0.00012539871,0.29361275,0.6169075,0.107721835,0.41049433,0.32729316,0.0,0.18783163,0.18612996,0.00047298896,0.18674874,0.52335995,0.0033899683,0.0028407236,0.34042454,0.06949048,0.030940125,0.25612304,0.04753003,0.39464307,1.516725,0.1289454,0.60529864,0.242883,0.39525497,0.035886586,0.36881042,0.5016106,0.14078209,0.352379,0.0019245258,0.7732121,0.7592762,0.16820459,0.5000761,0.010482188,0.42976594,0.019887695,0.06837471,0.12636982,0.21762192,0.00063685054,0.0027701354,1.1924006,0.2603415,0.029750621,0.27186254,0.021876505,0.2535786,0.060394466,0.2987278,0.25947425,0.15420328,0.21750543,0.22365485,0.09094546,0.13016829,0.0005232134,0.75843877,0.00017601515,0.14994058,0.002026089,0.6408144,0.00075841893,0.3280745,0.0120777935,0.0010530448,0.047605097,0.4282865,0.7114416,0.0007719963,0.074462846,0.3183888,0.23244002,0.5171356,0.03772891,0.706368,0.0002872973,0.08529651,0.12477145,0.07114938,0.10365996,0.3083668,0.0006802547,0.091173954,0.69865906,0.69010925,0.060147528,0.6835521,0.0025738196,0.09214369,1.2722284,0.0008364232,0.12656978,0.10232486,0.09410331
cbtc_train_5,0.11222962,0.00044528043,0.77329594,0.046162985,0.0,0.12810145,0.3479175,0.05659645,0.20966719,0.25522766,0.0,0.24104422,0.06313715,0.0001940959,0.15332001,0.2586014,0.0,0.0,0.19132645,0.042740226,0.011755143,0.11529376,0.023710264,0.22012001,0.876337,0.1338574,0.34545603,0.17532696,0.21306019,0.022696111,0.32539982,0.4616522,0.12886941,0.20765217,0.00014064943,0.44178995,0.45036036,0.09510489,0.37367424,0.0008185788,0.34535477,0.014823301,0.03574416,0.110239886,0.16055638,0.0,0.00023105212,0.7041198,0.21930535,0.023883672,0.15487973,0.025581649,0.16914093,0.028168483,0.22775586,0.18349695,0.08217801,0.121448524,0.18267246,0.06338517,0.17654721,0.0,0.4314686,0.0002408062,0.16510116,0.0,0.47085395,0.0,0.18551512,0.004351529,0.0,0.030722272,0.35076493,0.42080724,0.0,0.044575676,0.1884692,0.16972513,0.44936964,0.029463228,0.40462252,0.0,0.04090453,0.07675299,0.061013635,0.08158067,0.22267647,0.0,0.083129056,0.40970075,0.38724867,0.055357732,0.39005303,0.0,0.052018322,0.73546743,0.0,0.10179238,0.08701034,0.07892369
cbtc_train_6,0.03589735,0.013471283,0.0913044,0.04705659,0.056136418,0.20330209,0.05451756,0.420585,0.090628676,0.1030312,0.2241937,0.22746925,0.23243132,0.005291199,0.066891514,0.29813728,0.3375288,0.26384342,0.08146479,0.27678794,0.30726552,0.040299475,0.13155767,0.1549481,0.08181015,0.09059487,0.15890478,0.14047116,0.16191697,0.28164315,0.16492547,0.23618364,0.072421014,0.023119079,0.05741415,0.1148598,0.04645324,0.038896717,0.14505464,0.2329511,0.16671649,0.009661944,0.40308255,0.07740392,0.06895781,0.23133379,0.05816672,0.06650216,0.092603184,0.0137927355,0.09708496,0.027217407,0.13869998,0.42576122,0.10835338,0.19718109,0.32843918,0.080808386,0.18555646,0.046556395,0.17872271,0.13358119,0.06872393,0.0003514958,0.09904929,0.29937485,0.40960747,0.3050507,0.027317556,0.04532296,0.1834428,0.26194164,0.16617459,0.030151049,0.1702889,0.02211871,0.04904625,0.20935318,0.20850125,0.013387553,0.190866,0.25249052,0.041576453,0.03810131,0.03083836,0.023786336,0.18466155,0.1664093,0.10274558,0.028282838,0.052651342,0.029584495,0.14773165,0.26349264,0.04978196,0.08242307,0.119538955,0.039867006,0.040066537,0.03533738
cbtc_train_7,0.076900706,0.01621642,0.10028983,0.043915443,0.039803755,0.11350965,0.046455506,0.0389566,0.05327954,0.23332463,0.25447574,0.5041416,0.16163488,0.003910853,0.13874775,0.13683408,0.24813405,0.1582644,0.04058652,0.017928254,0.012315538,0.021023039,0.0059715095,0.050551165,0.10512689,0.20747638,0.123722725,0.12063012,0.08312461,0.010112543,0.3646594,0.53692067,0.15381646,0.02601238,0.03113005,0.058937106,0.054406717,0.030475922,0.31075373,0.13381323,0.38939232,0.017730115,0.021404684,0.16845804,0.14116755,0.18446268,0.0003014338,0.08745342,0.20723382,0.027921526,0.064019166,0.058123548,0.082925454,0.031318855,0.2330864,0.14617367,0.020774402,0.07178073,0.1916271,0.04327365,0.4189777,0.10984904,0.05412469,0.00037700604,0.25594935,0.22485746,0.26772168,0.26055667,0.02536425,0.00072257547,0.14129926,0.014602522,0.36703998,0.044470675,0.1530901,0.016943337,0.024729049,0.13458034,0.45213002,0.034622252,0.095757365,0.25841495,0.030435221,0.03440293,0.066938646,0.06055885,0.15263116,0.136462,0.1031658,0.04421561,0.05208441,0.06832207,0.07546852,0.2059884,0.025729246,0.09291554,0.07340334,0.09264881,0.08779971,0.07810501
cbtc_train_8,0.17849562,0.0011949833,1.4840728,0.09620594,2.3221257e-05,0.28316337,0.6653278,0.10174222,0.44750908,0.37676218,0.0,0.21729143,0.14637367,0.00030966045,0.2207188,0.5058424,0.0020226596,0.001215125,0.36756712,0.088643655,0.024491852,0.24901633,0.06168757,0.4305665,1.686167,0.1447653,0.6451667,0.29142803,0.42494583,0.04135626,0.39228663,0.5798651,0.16683054,0.3834255,0.00050291314,0.85372466,0.83438355,0.17443201,0.619894,0.0030743915,0.49900624,0.02195122,0.065474756,0.15164383,0.24870376,0.0,0.0010870063,1.3265365,0.2951112,0.030397987,0.2965945,0.021184154,0.30862027,0.056969166,0.3479219,0.3334768,0.19120216,0.23635286,0.2729862,0.10591285,0.15855582,0.0002332824,0.8309555,0.00020785426,0.17160542,0.0009038181,0.76309264,0.0,0.35513765,0.012915683,0.00064817345,0.05137989,0.5062674,0.800153,0.00041415496,0.073916726,0.34205297,0.2828578,0.6345196,0.044251114,0.7681354,0.0,0.08857414,0.13810362,0.088761955,0.122026905,0.38720924,0.0002624516,0.11354054,0.77596784,0.75137764,0.06799539,0.7467597,0.0022378166,0.0968661,1.4111035,0.0006797124,0.15274702,0.12034994,0.112528324
cbtc_train_9,0.06800121,0.0023862848,0.57943064,0.042001005,0.005576404,0.14823319,0.26643863,0.13181664,0.17201373,0.15524834,0.029225126,0.15865077,0.099867605,0.0008386784,0.09285292,0.24934779,0.031319562,0.022933515,0.15818454,0.08855286,0.047746617,0.10060847,0.042199843,0.18892479,0.63864094,0.076736666,0.27664736,0.1337596,0.18383409,0.054462668,0.18178882,0.2835357,0.07007405,0.16496769,0.004779392,0.33773822,0.33635104,0.07139555,0.23707709,0.027730046,0.22105442,0.009187287,0.08533008,0.06351215,0.0965604,0.021883678,0.005584097,0.5330992,0.13299774,0.013083405,0.11904172,0.018985393,0.12960733,0.08832572,0.14402245,0.14676331,0.11730806,0.09544445,0.14001651,0.047917943,0.14184095,0.015955213,0.31247342,0.00016409856,0.11445902,0.027831318,0.37804574,0.030759089,0.14519563,0.008700226,0.018171772,0.072730295,0.22156088,0.31019327,0.019228758,0.038946234,0.15364867,0.13797817,0.2770613,0.019133756,0.32541063,0.029229386,0.03934883,0.060554773,0.03882699,0.050271094,0.17917211,0.016859489,0.0662023,0.30153945,0.3064907,0.037269596,0.3138133,0.026919838,0.04149827,0.54957783,0.009874519,0.066204645,0.051859833,0.04536795
